{"cameraMode":{"drawMode":0,"name":"Shaded","section":"Shading Mode"},"sceneLighting":true,"audioPlay":false,"sceneViewState":{"m_AlwaysRefresh":false,"showFog":true,"showSkybox":true,"showFlares":true,"showImageEffects":true,"showParticleSystems":true,"showVisualEffectGraphs":true,"m_FxEnabled":true},"in2DMode":false,"pivot":{"x":10.831822395324707,"y":-5.1284942626953129,"z":48.82143783569336},"rotation":{"x":0.1612926870584488,"y":-0.002367083914577961,"z":0.00038772562402300537,"w":0.9869096279144287},"size":51.65478515625,"orthographic":false}