{"cameraMode":{"drawMode":0,"name":"Shaded","section":"Shading Mode"},"sceneLighting":true,"audioPlay":false,"sceneViewState":{"m_AlwaysRefresh":false,"showFog":true,"showSkybox":true,"showFlares":true,"showImageEffects":true,"showParticleSystems":true,"showVisualEffectGraphs":true,"m_FxEnabled":true},"in2DMode":false,"pivot":{"x":10.671244621276856,"y":2.1593379974365236,"z":48.33503723144531},"rotation":{"x":0.17032238841056825,"y":-0.3256905674934387,"z":0.05977073684334755,"w":0.9280887246131897},"size":9.766154289245606,"orthographic":false}